COMBINATION	CHROM	SVTYPE	FUNCTION	COUNT
HG00512=ALT|HG00513=ALT|HG00514=REF	chr21	INS	sequence_gain (coarse)	2
HG00512=REF|HG00513=ALT|HG00514=REF	chr12	INS	sequence_gain (coarse)	15
HG00512=REF|HG00513=NA|HG00514=REF	chrX	DEL	sequence_loss (coarse)	1
HG00512=REF|HG00513=ALT|HG00514=ALT	chr9	INS	sequence_gain (coarse)	30
HG00512=ALT|HG00513=REF|HG00514=ALT	chr18	INS	sequence_gain (coarse)	13
HG00512=REF|HG00513=REF|HG00514=REF	chrX	DUP	copy_gain (coarse)	6
HG00512=REF|HG00513=REF|HG00514=REF	chr11	DUP	copy_gain (coarse)	4
HG00512=REF|HG00513=REF|HG00514=REF	chr10	INS	sequence_gain (coarse)	115
HG00512=REF|HG00513=REF|HG00514=REF	chrX	INS	sequence_gain (coarse)	73
HG00512=REF|HG00513=ALT|HG00514=REF	chr6	INS	sequence_gain (coarse)	18
HG00512=ALT|HG00513=NA|HG00514=ALT	chr15	DEL	sequence_loss (coarse)	1
HG00512=ALT|HG00513=ALT|HG00514=REF	chr17	DEL	sequence_loss (coarse)	10
HG00512=ALT|HG00513=ALT|HG00514=REF	chr8	DEL	sequence_loss (coarse)	10
HG00512=REF|HG00513=REF|HG00514=REF	chr1	INS	sequence_gain (coarse)	202
HG00512=NA|HG00513=REF|HG00514=REF	chr19	DEL	sequence_loss (coarse)	1
HG00512=ALT|HG00513=ALT|HG00514=ALT	chr14	DEL	sequence_loss (coarse)	48
HG00512=ALT|HG00513=REF|HG00514=REF	chr15	DEL	sequence_loss (coarse)	20
HG00512=REF|HG00513=ALT|HG00514=ALT	chr20	INS	sequence_gain (coarse)	8
HG00512=REF|HG00513=ALT|HG00514=ALT	chr3	DEL	sequence_loss (coarse)	69
HG00512=ALT|HG00513=NA|HG00514=ALT	chr16	DEL	sequence_loss (coarse)	1
HG00512=ALT|HG00513=ALT|HG00514=REF	chrX	INS	sequence_gain (coarse)	3
HG00512=REF|HG00513=REF|HG00514=REF	chr21	INS	sequence_gain (coarse)	38
HG00512=ALT|HG00513=REF|HG00514=ALT	chr12	DEL	sequence_loss (coarse)	50
HG00512=ALT|HG00513=ALT|HG00514=REF	chr9	DEL	sequence_loss (coarse)	6
HG00512=ALT|HG00513=REF|HG00514=ALT	chr20	DUP	copy_gain (coarse)	2
HG00512=ALT|HG00513=REF|HG00514=REF	chr3	DEL	sequence_loss (coarse)	45
HG00512=ALT|HG00513=REF|HG00514=ALT	chr7	DEL	sequence_loss (coarse)	54
HG00512=REF|HG00513=ALT|HG00514=REF	chr18	DEL	sequence_loss (coarse)	28
HG00512=ALT|HG00513=ALT|HG00514=ALT	chr4	INS	sequence_gain (coarse)	97
HG00512=REF|HG00513=ALT|HG00514=ALT	chr15	DEL	sequence_loss (coarse)	33
HG00512=REF|HG00513=REF|HG00514=REF	chr18	DUP	copy_gain (coarse)	1
HG00512=REF|HG00513=REF|HG00514=REF	chr16	DEL	sequence_loss (coarse)	169
HG00512=ALT|HG00513=REF|HG00514=REF	chr4	DEL	sequence_loss (coarse)	53
HG00512=REF|HG00513=REF|HG00514=ALT	chr13	DEL	sequence_loss (coarse)	1
HG00512=ALT|HG00513=ALT|HG00514=REF	chr1	INS	sequence_gain (coarse)	7
HG00512=ALT|HG00513=ALT|HG00514=ALT	chr5	INS	sequence_gain (coarse)	83
HG00512=ALT|HG00513=ALT|HG00514=ALT	chr19	INS	sequence_gain (coarse)	17
HG00512=REF|HG00513=REF|HG00514=REF	chr7	DEL	sequence_loss (coarse)	395
HG00512=REF|HG00513=ALT|HG00514=REF	chr11	INS	sequence_gain (coarse)	13
HG00512=ALT|HG00513=ALT|HG00514=REF	chr20	INS	sequence_gain (coarse)	3
HG00512=REF|HG00513=ALT|HG00514=REF	chr4	INS	sequence_gain (coarse)	18
HG00512=ALT|HG00513=REF|HG00514=REF	chr18	DUP	copy_gain (coarse)	1
HG00512=REF|HG00513=ALT|HG00514=ALT	chr8	INS	sequence_gain (coarse)	21
HG00512=ALT|HG00513=REF|HG00514=ALT	chr17	INS	sequence_gain (coarse)	15
HG00512=REF|HG00513=REF|HG00514=REF	chr9	DUP	copy_gain (coarse)	2
HG00512=REF|HG00513=REF|HG00514=REF	chr12	DUP	copy_gain (coarse)	7
HG00512=REF|HG00513=ALT|HG00514=ALT	chrX	DEL	sequence_loss (coarse)	35
HG00512=ALT|HG00513=ALT|HG00514=NA	chr16	DEL	sequence_loss (coarse)	1
HG00512=REF|HG00513=ALT|HG00514=REF	chr5	INS	sequence_gain (coarse)	16
HG00512=ALT|HG00513=ALT|HG00514=REF	chr15	DEL	sequence_loss (coarse)	8
HG00512=NA|HG00513=REF|HG00514=REF	chr17	DEL	sequence_loss (coarse)	1
HG00512=ALT|HG00513=ALT|HG00514=NA	chrX	INS	sequence_gain (coarse)	1
HG00512=REF|HG00513=ALT|HG00514=REF	chr21	INS	sequence_gain (coarse)	3
HG00512=ALT|HG00513=REF|HG00514=REF	chr9	INS	sequence_gain (coarse)	16
HG00512=ALT|HG00513=REF|HG00514=REF	chr13	DEL	sequence_loss (coarse)	36
HG00512=REF|HG00513=ALT|HG00514=ALT	chr3	DUP	copy_gain (coarse)	1
HG00512=NA|HG00513=ALT|HG00514=ALT	chr17	DEL	sequence_loss (coarse)	1
HG00512=REF|HG00513=ALT|HG00514=ALT	chr1	DEL	sequence_loss (coarse)	57
HG00512=ALT|HG00513=ALT|HG00514=REF	chr16	DEL	sequence_loss (coarse)	3
HG00512=ALT|HG00513=ALT|HG00514=REF	chr7	DEL	sequence_loss (coarse)	15
HG00512=REF|HG00513=ALT|HG00514=REF	chr22	INS	sequence_gain (coarse)	9
HG00512=ALT|HG00513=ALT|HG00514=ALT	chr13	DEL	sequence_loss (coarse)	58
HG00512=ALT|HG00513=REF|HG00514=REF	chr14	DEL	sequence_loss (coarse)	17
HG00512=REF|HG00513=REF|HG00514=REF	chr3	DUP	copy_gain (coarse)	9
HG00512=REF|HG00513=REF|HG00514=NA	chr7	DEL	sequence_loss (coarse)	1
HG00512=REF|HG00513=ALT|HG00514=ALT	chr2	DEL	sequence_loss (coarse)	70
HG00512=ALT|HG00513=REF|HG00514=ALT	chr11	DEL	sequence_loss (coarse)	32
HG00512=REF|HG00513=REF|HG00514=REF	chr20	INS	sequence_gain (coarse)	46
HG00512=ALT|HG00513=REF|HG00514=REF	chr2	DEL	sequence_loss (coarse)	67
HG00512=ALT|HG00513=REF|HG00514=ALT	chr6	DEL	sequence_loss (coarse)	57
HG00512=REF|HG00513=ALT|HG00514=REF	chr17	DEL	sequence_loss (coarse)	13
HG00512=ALT|HG00513=ALT|HG00514=ALT	chr3	INS	sequence_gain (coarse)	80
HG00512=REF|HG00513=ALT|HG00514=ALT	chr14	DEL	sequence_loss (coarse)	31
HG00512=REF|HG00513=REF|HG00514=REF	chr15	DEL	sequence_loss (coarse)	178
HG00512=ALT|HG00513=REF|HG00514=ALT	chr22	DEL	sequence_loss (coarse)	17
HG00512=ALT|HG00513=ALT|HG00514=ALT	chr18	INS	sequence_gain (coarse)	47
HG00512=REF|HG00513=REF|HG00514=REF	chr6	DEL	sequence_loss (coarse)	423
HG00512=ALT|HG00513=REF|HG00514=REF	chr19	INS	sequence_gain (coarse)	5
HG00512=REF|HG00513=ALT|HG00514=REF	chr10	INS	sequence_gain (coarse)	16
HG00512=REF|HG00513=ALT|HG00514=REF	chr3	INS	sequence_gain (coarse)	21
HG00512=REF|HG00513=ALT|HG00514=ALT	chr7	INS	sequence_gain (coarse)	36
HG00512=ALT|HG00513=REF|HG00514=ALT	chr16	INS	sequence_gain (coarse)	11
HG00512=ALT|HG00513=REF|HG00514=REF	chr7	INS	sequence_gain (coarse)	12
HG00512=REF|HG00513=ALT|HG00514=ALT	chr19	INS	sequence_gain (coarse)	6
HG00512=ALT|HG00513=ALT|HG00514=REF	chr14	DEL	sequence_loss (coarse)	2
HG00512=NA|HG00513=REF|HG00514=REF	chr16	DEL	sequence_loss (coarse)	1
HG00512=REF|HG00513=ALT|HG00514=REF	chr20	INS	sequence_gain (coarse)	7
HG00512=ALT|HG00513=REF|HG00514=REF	chr8	INS	sequence_gain (coarse)	12
HG00512=ALT|HG00513=ALT|HG00514=ALT	chr5	DUP	copy_gain (coarse)	1
HG00512=ALT|HG00513=REF|HG00514=REF	chr12	DEL	sequence_loss (coarse)	52
HG00512=ALT|HG00513=REF|HG00514=REF	chrX	DEL	sequence_loss (coarse)	3
HG00512=ALT|HG00513=REF|HG00514=ALT	chr14	DUP	copy_gain (coarse)	1
HG00512=NA|HG00513=REF|HG00514=REF	chr6	DEL	sequence_loss (coarse)	1
HG00512=ALT|HG00513=ALT|HG00514=REF	chr6	DEL	sequence_loss (coarse)	11
HG00512=REF|HG00513=REF|HG00514=REF	chr20	DUP	copy_gain (coarse)	4
HG00512=ALT|HG00513=ALT|HG00514=ALT	chr12	DEL	sequence_loss (coarse)	79
HG00512=REF|HG00513=REF|HG00514=REF	chr4	DUP	copy_gain (coarse)	4
HG00512=REF|HG00513=REF|HG00514=NA	chr6	DEL	sequence_loss (coarse)	2
HG00512=ALT|HG00513=REF|HG00514=ALT	chr10	DEL	sequence_loss (coarse)	42
HG00512=ALT|HG00513=REF|HG00514=REF	chr1	DEL	sequence_loss (coarse)	47
HG00512=ALT|HG00513=REF|HG00514=ALT	chr5	DEL	sequence_loss (coarse)	42
HG00512=REF|HG00513=ALT|HG00514=REF	chr16	DEL	sequence_loss (coarse)	21
HG00512=ALT|HG00513=ALT|HG00514=ALT	chr2	INS	sequence_gain (coarse)	115
HG00512=REF|HG00513=ALT|HG00514=REF	chr9	DEL	sequence_loss (coarse)	31
HG00512=ALT|HG00513=ALT|HG00514=ALT	chr22	DEL	sequence_loss (coarse)	23
HG00512=REF|HG00513=ALT|HG00514=ALT	chr13	DEL	sequence_loss (coarse)	28
HG00512=REF|HG00513=ALT|HG00514=NA	chr10	INS	sequence_gain (coarse)	1
HG00512=REF|HG00513=REF|HG00514=REF	chr14	DEL	sequence_loss (coarse)	189
HG00512=ALT|HG00513=REF|HG00514=ALT	chr21	DUP	copy_gain (coarse)	1
HG00512=ALT|HG00513=REF|HG00514=ALT	chr20	DEL	sequence_loss (coarse)	28
HG00512=REF|HG00513=REF|HG00514=REF	chr19	DUP	copy_gain (coarse)	5
HG00512=NA|HG00513=ALT|HG00514=NA	chr18	DEL	sequence_loss (coarse)	1
HG00512=REF|HG00513=NA|HG00514=REF	chr4	INS	sequence_gain (coarse)	1
HG00512=REF|HG00513=REF|HG00514=REF	chr4	DEL	sequence_loss (coarse)	474
HG00512=REF|HG00513=ALT|HG00514=ALT	chr15	DUP	copy_gain (coarse)	1
HG00512=ALT|HG00513=REF|HG00514=ALT	chr21	DEL	sequence_loss (coarse)	19
HG00512=ALT|HG00513=ALT|HG00514=ALT	chr17	INS	sequence_gain (coarse)	35
HG00512=REF|HG00513=REF|HG00514=REF	chr5	DEL	sequence_loss (coarse)	460
HG00512=ALT|HG00513=REF|HG00514=REF	chr18	INS	sequence_gain (coarse)	6
HG00512=REF|HG00513=ALT|HG00514=REF	chr2	INS	sequence_gain (coarse)	24
HG00512=REF|HG00513=ALT|HG00514=ALT	chr6	INS	sequence_gain (coarse)	31
HG00512=ALT|HG00513=REF|HG00514=ALT	chr15	INS	sequence_gain (coarse)	12
HG00512=ALT|HG00513=REF|HG00514=REF	chr6	INS	sequence_gain (coarse)	18
HG00512=REF|HG00513=REF|HG00514=ALT	chr22	DEL	sequence_loss (coarse)	1
HG00512=REF|HG00513=ALT|HG00514=ALT	chr18	INS	sequence_gain (coarse)	12
HG00512=ALT|HG00513=ALT|HG00514=REF	chr13	DEL	sequence_loss (coarse)	12
HG00512=REF|HG00513=REF|HG00514=REF	chr13	DUP	copy_gain (coarse)	2
HG00512=ALT|HG00513=ALT|HG00514=ALT	chr8	DEL	sequence_loss (coarse)	78
HG00512=REF|HG00513=REF|HG00514=REF	chr19	INS	sequence_gain (coarse)	31
HG00512=ALT|HG00513=ALT|HG00514=ALT	chr10	DEL	sequence_loss (coarse)	78
HG00512=ALT|HG00513=REF|HG00514=REF	chr11	DEL	sequence_loss (coarse)	37
HG00512=ALT|HG00513=ALT|HG00514=ALT	chrX	INS	sequence_gain (coarse)	33
HG00512=ALT|HG00513=ALT|HG00514=REF	chr5	DEL	sequence_loss (coarse)	18
HG00512=ALT|HG00513=NA|HG00514=ALT	chr7	DEL	sequence_loss (coarse)	1
HG00512=ALT|HG00513=ALT|HG00514=ALT	chr9	DEL	sequence_loss (coarse)	70
HG00512=REF|HG00513=NA|HG00514=ALT	chr20	INS	sequence_gain (coarse)	1
HG00512=NA|HG00513=NA|HG00514=ALT	chr2	INS	sequence_gain (coarse)	1
HG00512=ALT|HG00513=ALT|HG00514=ALT	chr11	DEL	sequence_loss (coarse)	86
HG00512=ALT|HG00513=REF|HG00514=ALT	chr3	DEL	sequence_loss (coarse)	72
HG00512=REF|HG00513=ALT|HG00514=ALT	chr4	DUP	copy_gain (coarse)	1
HG00512=REF|HG00513=REF|HG00514=REF	chr12	DEL	sequence_loss (coarse)	332
HG00512=ALT|HG00513=REF|HG00514=ALT	chr4	DEL	sequence_loss (coarse)	57
HG00512=ALT|HG00513=REF|HG00514=REF	chr13	DUP	copy_gain (coarse)	1
HG00512=REF|HG00513=ALT|HG00514=REF	chr15	DEL	sequence_loss (coarse)	15
HG00512=ALT|HG00513=ALT|HG00514=ALT	chr1	INS	sequence_gain (coarse)	99
HG00512=REF|HG00513=ALT|HG00514=REF	chr8	DEL	sequence_loss (coarse)	35
HG00512=ALT|HG00513=ALT|HG00514=ALT	chr21	DEL	sequence_loss (coarse)	16
HG00512=REF|HG00513=ALT|HG00514=ALT	chr12	DEL	sequence_loss (coarse)	43
HG00512=ALT|HG00513=REF|HG00514=REF	chr22	DEL	sequence_loss (coarse)	13
HG00512=REF|HG00513=REF|HG00514=REF	chr13	DEL	sequence_loss (coarse)	241
HG00512=ALT|HG00513=ALT|HG00514=REF	chr18	INS	sequence_gain (coarse)	6
HG00512=REF|HG00513=ALT|HG00514=REF	chrX	INS	sequence_gain (coarse)	16
HG00512=REF|HG00513=REF|HG00514=REF	chr3	DEL	sequence_loss (coarse)	481
HG00512=REF|HG00513=REF|HG00514=ALT	chr7	DEL	sequence_loss (coarse)	1
HG00512=ALT|HG00513=REF|HG00514=REF	chr16	INS	sequence_gain (coarse)	12
HG00512=REF|HG00513=ALT|HG00514=ALT	chr4	INS	sequence_gain (coarse)	34
HG00512=ALT|HG00513=ALT|HG00514=REF	chr19	INS	sequence_gain (coarse)	2
HG00512=ALT|HG00513=ALT|HG00514=ALT	chr16	INS	sequence_gain (coarse)	49
HG00512=ALT|HG00513=REF|HG00514=REF	chr17	INS	sequence_gain (coarse)	10
HG00512=REF|HG00513=ALT|HG00514=REF	chr1	INS	sequence_gain (coarse)	18
HG00512=REF|HG00513=ALT|HG00514=ALT	chr5	INS	sequence_gain (coarse)	34
HG00512=ALT|HG00513=REF|HG00514=ALT	chr14	INS	sequence_gain (coarse)	23
HG00512=REF|HG00513=ALT|HG00514=REF	chr14	DUP	copy_gain (coarse)	1
HG00512=ALT|HG00513=REF|HG00514=REF	chr5	INS	sequence_gain (coarse)	25
HG00512=ALT|HG00513=REF|HG00514=ALT	chr9	INS	sequence_gain (coarse)	18
HG00512=REF|HG00513=ALT|HG00514=ALT	chr17	INS	sequence_gain (coarse)	14
HG00512=ALT|HG00513=ALT|HG00514=REF	chr12	DEL	sequence_loss (coarse)	8
HG00512=ALT|HG00513=ALT|HG00514=ALT	chr7	DEL	sequence_loss (coarse)	88
HG00512=REF|HG00513=REF|HG00514=REF	chr18	INS	sequence_gain (coarse)	70
HG00512=ALT|HG00513=REF|HG00514=REF	chr10	DEL	sequence_loss (coarse)	40
HG00512=ALT|HG00513=ALT|HG00514=REF	chr4	DEL	sequence_loss (coarse)	21
HG00512=ALT|HG00513=REF|HG00514=ALT	chr2	DEL	sequence_loss (coarse)	55
HG00512=ALT|HG00513=ALT|HG00514=ALT	chr6	DUP	copy_gain (coarse)	2
HG00512=REF|HG00513=ALT|HG00514=REF	chr13	DEL	sequence_loss (coarse)	26
HG00512=REF|HG00513=REF|HG00514=NA	chr10	DEL	sequence_loss (coarse)	1
HG00512=REF|HG00513=REF|HG00514=REF	chr9	INS	sequence_gain (coarse)	85
HG00512=REF|HG00513=REF|HG00514=REF	chr21	DUP	copy_gain (coarse)	1
HG00512=REF|HG00513=REF|HG00514=REF	chr11	DEL	sequence_loss (coarse)	333
HG00512=REF|HG00513=NA|HG00514=REF	chr17	DEL	sequence_loss (coarse)	1
HG00512=REF|HG00513=REF|HG00514=REF	chr5	DUP	copy_gain (coarse)	8
HG00512=REF|HG00513=ALT|HG00514=REF	chr14	DEL	sequence_loss (coarse)	23
HG00512=REF|HG00513=ALT|HG00514=REF	chr7	DEL	sequence_loss (coarse)	31
HG00512=REF|HG00513=ALT|HG00514=ALT	chr11	DEL	sequence_loss (coarse)	46
HG00512=ALT|HG00513=ALT|HG00514=ALT	chr20	DEL	sequence_loss (coarse)	35
HG00512=REF|HG00513=NA|HG00514=ALT	chr5	INS	sequence_gain (coarse)	1
HG00512=ALT|HG00513=REF|HG00514=REF	chr21	DEL	sequence_loss (coarse)	12
HG00512=ALT|HG00513=ALT|HG00514=REF	chr17	INS	sequence_gain (coarse)	2
HG00512=REF|HG00513=REF|HG00514=REF	chr2	DEL	sequence_loss (coarse)	539
HG00512=ALT|HG00513=REF|HG00514=REF	chr15	INS	sequence_gain (coarse)	9
HG00512=ALT|HG00513=REF|HG00514=ALT	chr22	DUP	copy_gain (coarse)	2
HG00512=REF|HG00513=ALT|HG00514=ALT	chr3	INS	sequence_gain (coarse)	35
HG00512=ALT|HG00513=REF|HG00514=ALT	chr12	INS	sequence_gain (coarse)	25
HG00512=REF|HG00513=ALT|HG00514=ALT	chr21	DEL	sequence_loss (coarse)	18
HG00512=ALT|HG00513=ALT|HG00514=REF	chr9	INS	sequence_gain (coarse)	4
HG00512=REF|HG00513=REF|HG00514=REF	chr22	DEL	sequence_loss (coarse)	104
HG00512=ALT|HG00513=ALT|HG00514=ALT	chr15	INS	sequence_gain (coarse)	36
HG00512=ALT|HG00513=REF|HG00514=ALT	chr7	INS	sequence_gain (coarse)	27
HG00512=REF|HG00513=ALT|HG00514=ALT	chr16	DUP	copy_gain (coarse)	2
HG00512=ALT|HG00513=REF|HG00514=ALT	chr13	INS	sequence_gain (coarse)	19
HG00512=REF|HG00513=ALT|HG00514=REF	chr15	DUP	copy_gain (coarse)	3
HG00512=REF|HG00513=ALT|HG00514=ALT	chr22	DEL	sequence_loss (coarse)	13
HG00512=REF|HG00513=ALT|HG00514=REF	chr5	DUP	copy_gain (coarse)	1
HG00512=ALT|HG00513=REF|HG00514=REF	chr4	INS	sequence_gain (coarse)	19
HG00512=ALT|HG00513=REF|HG00514=ALT	chr8	INS	sequence_gain (coarse)	17
HG00512=REF|HG00513=ALT|HG00514=REF	chr19	INS	sequence_gain (coarse)	8
HG00512=ALT|HG00513=REF|HG00514=ALT	chrX	DEL	sequence_loss (coarse)	24
HG00512=REF|HG00513=REF|HG00514=NA	chr16	INS	sequence_gain (coarse)	1
HG00512=NA|HG00513=ALT|HG00514=ALT	chr12	DEL	sequence_loss (coarse)	1
HG00512=REF|HG00513=ALT|HG00514=ALT	chr16	INS	sequence_gain (coarse)	10
HG00512=ALT|HG00513=ALT|HG00514=REF	chr11	DEL	sequence_loss (coarse)	10
HG00512=ALT|HG00513=ALT|HG00514=ALT	chr6	DEL	sequence_loss (coarse)	110
HG00512=REF|HG00513=REF|HG00514=REF	chr17	INS	sequence_gain (coarse)	76
HG00512=ALT|HG00513=NA|HG00514=ALT	chr10	DEL	sequence_loss (coarse)	1
HG00512=REF|HG00513=REF|HG00514=REF	chr14	DUP	copy_gain (coarse)	2
HG00512=REF|HG00513=REF|HG00514=REF	chr7	INS	sequence_gain (coarse)	122
HG00512=ALT|HG00513=ALT|HG00514=REF	chr3	DEL	sequence_loss (coarse)	17
HG00512=REF|HG00513=ALT|HG00514=ALT	chr10	DUP	copy_gain (coarse)	1
HG00512=ALT|HG00513=REF|HG00514=ALT	chr1	DEL	sequence_loss (coarse)	63
HG00512=ALT|HG00513=ALT|HG00514=ALT	chr7	DUP	copy_gain (coarse)	1
HG00512=REF|HG00513=ALT|HG00514=REF	chr12	DEL	sequence_loss (coarse)	32
HG00512=REF|HG00513=ALT|HG00514=ALT	chr9	DEL	sequence_loss (coarse)	41
HG00512=REF|HG00513=REF|HG00514=REF	chr8	INS	sequence_gain (coarse)	100
HG00512=REF|HG00513=REF|HG00514=REF	chr10	DEL	sequence_loss (coarse)	309
HG00512=REF|HG00513=REF|HG00514=REF	chrX	DEL	sequence_loss (coarse)	207
HG00512=ALT|HG00513=REF|HG00514=REF	chr7	DUP	copy_gain (coarse)	3
HG00512=ALT|HG00513=ALT|HG00514=REF	chr22	DEL	sequence_loss (coarse)	4
HG00512=REF|HG00513=ALT|HG00514=REF	chr6	DEL	sequence_loss (coarse)	54
HG00512=ALT|HG00513=REF|HG00514=ALT	chr19	DEL	sequence_loss (coarse)	12
HG00512=REF|HG00513=ALT|HG00514=ALT	chr10	DEL	sequence_loss (coarse)	44
HG00512=ALT|HG00513=REF|HG00514=REF	chr20	DEL	sequence_loss (coarse)	21
HG00512=ALT|HG00513=ALT|HG00514=REF	chr16	INS	sequence_gain (coarse)	8
HG00512=ALT|HG00513=ALT|HG00514=ALT	chr10	DUP	copy_gain (coarse)	1
HG00512=ALT|HG00513=ALT|HG00514=ALT	chr13	INS	sequence_gain (coarse)	47
HG00512=REF|HG00513=REF|HG00514=REF	chr1	DEL	sequence_loss (coarse)	491
HG00512=ALT|HG00513=ALT|HG00514=ALT	chr1	DUP	copy_gain (coarse)	3
HG00512=ALT|HG00513=REF|HG00514=REF	chr14	INS	sequence_gain (coarse)	9
HG00512=REF|HG00513=ALT|HG00514=ALT	chr2	INS	sequence_gain (coarse)	36
HG00512=ALT|HG00513=REF|HG00514=ALT	chr11	INS	sequence_gain (coarse)	18
HG00512=ALT|HG00513=ALT|HG00514=REF	chr8	INS	sequence_gain (coarse)	11
HG00512=REF|HG00513=ALT|HG00514=ALT	chr20	DEL	sequence_loss (coarse)	18
HG00512=NA|HG00513=REF|HG00514=REF	chrX	DEL	sequence_loss (coarse)	1
HG00512=ALT|HG00513=ALT|HG00514=REF	chrX	DEL	sequence_loss (coarse)	1
HG00512=REF|HG00513=REF|HG00514=REF	chr21	DEL	sequence_loss (coarse)	81
HG00512=ALT|HG00513=REF|HG00514=ALT	chr6	INS	sequence_gain (coarse)	32
HG00512=ALT|HG00513=ALT|HG00514=ALT	chr14	INS	sequence_gain (coarse)	38
HG00512=ALT|HG00513=REF|HG00514=REF	chr1	DUP	copy_gain (coarse)	1
HG00512=REF|HG00513=ALT|HG00514=REF	chr17	INS	sequence_gain (coarse)	10
HG00512=REF|HG00513=ALT|HG00514=ALT	chr17	DUP	copy_gain (coarse)	2
HG00512=REF|HG00513=REF|HG00514=REF	chr15	INS	sequence_gain (coarse)	47
HG00512=ALT|HG00513=REF|HG00514=REF	chr3	INS	sequence_gain (coarse)	20
HG00512=REF|HG00513=ALT|HG00514=REF	chr18	INS	sequence_gain (coarse)	7
HG00512=REF|HG00513=ALT|HG00514=ALT	chr15	INS	sequence_gain (coarse)	10
HG00512=ALT|HG00513=ALT|HG00514=REF	chr10	DEL	sequence_loss (coarse)	9
HG00512=ALT|HG00513=ALT|HG00514=ALT	chr5	DEL	sequence_loss (coarse)	103
HG00512=REF|HG00513=REF|HG00514=REF	chr16	INS	sequence_gain (coarse)	58
HG00512=ALT|HG00513=REF|HG00514=ALT	chr22	INS	sequence_gain (coarse)	7
HG00512=REF|HG00513=REF|HG00514=REF	chr15	DUP	copy_gain (coarse)	2
HG00512=REF|HG00513=REF|HG00514=REF	chr6	INS	sequence_gain (coarse)	141
HG00512=ALT|HG00513=ALT|HG00514=REF	chr2	DEL	sequence_loss (coarse)	15
HG00512=REF|HG00513=ALT|HG00514=REF	chr11	DEL	sequence_loss (coarse)	27
HG00512=REF|HG00513=ALT|HG00514=ALT	chr8	DEL	sequence_loss (coarse)	35
HG00512=REF|HG00513=ALT|HG00514=ALT	chr6	DUP	copy_gain (coarse)	1
HG00512=ALT|HG00513=ALT|HG00514=REF	chr21	DEL	sequence_loss (coarse)	4
HG00512=REF|HG00513=ALT|HG00514=ALT	chrX	INS	sequence_gain (coarse)	22
HG00512=REF|HG00513=ALT|HG00514=REF	chr5	DEL	sequence_loss (coarse)	51
HG00512=ALT|HG00513=REF|HG00514=ALT	chr18	DEL	sequence_loss (coarse)	20
HG00512=ALT|HG00513=REF|HG00514=ALT	chr16	DUP	copy_gain (coarse)	1
HG00512=REF|HG00513=REF|HG00514=REF	chr22	DUP	copy_gain (coarse)	2
HG00512=ALT|HG00513=REF|HG00514=REF	chr9	DEL	sequence_loss (coarse)	37
HG00512=ALT|HG00513=ALT|HG00514=REF	chr15	INS	sequence_gain (coarse)	6
HG00512=REF|HG00513=REF|HG00514=REF	chr6	DUP	copy_gain (coarse)	6
HG00512=ALT|HG00513=ALT|HG00514=ALT	chr12	INS	sequence_gain (coarse)	47
HG00512=ALT|HG00513=REF|HG00514=REF	chr13	INS	sequence_gain (coarse)	8
HG00512=REF|HG00513=ALT|HG00514=REF	chr22	DEL	sequence_loss (coarse)	15
HG00512=REF|HG00513=ALT|HG00514=ALT	chr1	INS	sequence_gain (coarse)	46
HG00512=ALT|HG00513=REF|HG00514=ALT	chr10	INS	sequence_gain (coarse)	19
HG00512=ALT|HG00513=ALT|HG00514=REF	chr7	INS	sequence_gain (coarse)	13
HG00512=ALT|HG00513=REF|HG00514=ALT	chr5	INS	sequence_gain (coarse)	20
HG00512=ALT|HG00513=ALT|HG00514=NA	chr1	DEL	sequence_loss (coarse)	1
HG00512=REF|HG00513=REF|HG00514=REF	chr20	DEL	sequence_loss (coarse)	169
HG00512=REF|HG00513=ALT|HG00514=REF	chr16	INS	sequence_gain (coarse)	6
HG00512=REF|HG00513=REF|HG00514=REF	chr14	INS	sequence_gain (coarse)	66
HG00512=ALT|HG00513=REF|HG00514=REF	chr2	INS	sequence_gain (coarse)	27
HG00512=REF|HG00513=ALT|HG00514=REF	chr16	DUP	copy_gain (coarse)	1
HG00512=REF|HG00513=ALT|HG00514=ALT	chr14	INS	sequence_gain (coarse)	22
HG00512=ALT|HG00513=ALT|HG00514=ALT	chr4	DEL	sequence_loss (coarse)	120
HG00512=ALT|HG00513=REF|HG00514=ALT	chr21	INS	sequence_gain (coarse)	8
HG00512=REF|HG00513=REF|HG00514=REF	chr5	INS	sequence_gain (coarse)	167
HG00512=NA|HG00513=REF|HG00514=REF	chr1	DEL	sequence_loss (coarse)	1
HG00512=ALT|HG00513=ALT|HG00514=REF	chr1	DEL	sequence_loss (coarse)	17
HG00512=ALT|HG00513=ALT|HG00514=ALT	chr18	DEL	sequence_loss (coarse)	50
HG00512=ALT|HG00513=REF|HG00514=REF	chr19	DEL	sequence_loss (coarse)	15
HG00512=REF|HG00513=ALT|HG00514=REF	chr10	DEL	sequence_loss (coarse)	38
HG00512=NA|HG00513=REF|HG00514=REF	chr21	DEL	sequence_loss (coarse)	1
HG00512=REF|HG00513=ALT|HG00514=ALT	chr7	DEL	sequence_loss (coarse)	47
HG00512=ALT|HG00513=REF|HG00514=ALT	chr16	DEL	sequence_loss (coarse)	33
HG00512=ALT|HG00513=ALT|HG00514=ALT	chr19	DEL	sequence_loss (coarse)	36
HG00512=REF|HG00513=ALT|HG00514=REF	chr10	DUP	copy_gain (coarse)	2
HG00512=ALT|HG00513=ALT|HG00514=REF	chr20	DEL	sequence_loss (coarse)	3
HG00512=REF|HG00513=ALT|HG00514=REF	chr4	DEL	sequence_loss (coarse)	61
HG00512=ALT|HG00513=REF|HG00514=ALT	chr17	DEL	sequence_loss (coarse)	34
HG00512=ALT|HG00513=REF|HG00514=REF	chr8	DEL	sequence_loss (coarse)	34
HG00512=ALT|HG00513=REF|HG00514=REF	chr8	DUP	copy_gain (coarse)	1
HG00512=ALT|HG00513=ALT|HG00514=REF	chr14	INS	sequence_gain (coarse)	3
HG00512=REF|HG00513=REF|HG00514=REF	chr7	DUP	copy_gain (coarse)	7
HG00512=ALT|HG00513=ALT|HG00514=ALT	chr9	INS	sequence_gain (coarse)	43
HG00512=ALT|HG00513=ALT|HG00514=ALT	chr11	INS	sequence_gain (coarse)	49
HG00512=ALT|HG00513=REF|HG00514=REF	chr12	INS	sequence_gain (coarse)	16
HG00512=ALT|HG00513=REF|HG00514=REF	chrX	INS	sequence_gain (coarse)	1
HG00512=REF|HG00513=ALT|HG00514=NA	chr6	DEL	sequence_loss (coarse)	1
HG00512=REF|HG00513=ALT|HG00514=REF	chr21	DEL	sequence_loss (coarse)	9
HG00512=ALT|HG00513=ALT|HG00514=REF	chr6	INS	sequence_gain (coarse)	7
HG00512=ALT|HG00513=REF|HG00514=ALT	chr4	INS	sequence_gain (coarse)	40
HG00512=REF|HG00513=ALT|HG00514=REF	chr15	INS	sequence_gain (coarse)	5
HG00512=ALT|HG00513=ALT|HG00514=ALT	chr2	DUP	copy_gain (coarse)	2
HG00512=REF|HG00513=ALT|HG00514=ALT	chr12	INS	sequence_gain (coarse)	26
HG00512=ALT|HG00513=REF|HG00514=ALT	chr11	DUP	copy_gain (coarse)	2
HG00512=REF|HG00513=REF|HG00514=REF	chr13	INS	sequence_gain (coarse)	85
HG00512=ALT|HG00513=REF|HG00514=REF	chr1	INS	sequence_gain (coarse)	27
HG00512=REF|HG00513=REF|HG00514=REF	chr1	DUP	copy_gain (coarse)	5
HG00512=REF|HG00513=ALT|HG00514=ALT	chr18	DUP	copy_gain (coarse)	1
HG00512=REF|HG00513=ALT|HG00514=REF	chr9	INS	sequence_gain (coarse)	12
HG00512=ALT|HG00513=ALT|HG00514=ALT	chr22	INS	sequence_gain (coarse)	21
HG00512=REF|HG00513=ALT|HG00514=ALT	chr13	INS	sequence_gain (coarse)	16
HG00512=ALT|HG00513=ALT|HG00514=ALT	chr3	DEL	sequence_loss (coarse)	109
HG00512=ALT|HG00513=REF|HG00514=ALT	chrX	DUP	copy_gain (coarse)	3
HG00512=ALT|HG00513=REF|HG00514=ALT	chr20	INS	sequence_gain (coarse)	11
HG00512=REF|HG00513=REF|HG00514=REF	chr4	INS	sequence_gain (coarse)	156
HG00512=REF|HG00513=NA|HG00514=REF	chr12	DEL	sequence_loss (coarse)	1
HG00512=ALT|HG00513=ALT|HG00514=ALT	chr17	DEL	sequence_loss (coarse)	38
HG00512=ALT|HG00513=REF|HG00514=REF	chr18	DEL	sequence_loss (coarse)	12
HG00512=REF|HG00513=ALT|HG00514=ALT	chr6	DEL	sequence_loss (coarse)	59
HG00512=ALT|HG00513=REF|HG00514=ALT	chr15	DEL	sequence_loss (coarse)	24
HG00512=REF|HG00513=REF|HG00514=REF	chr16	DUP	copy_gain (coarse)	3
HG00512=REF|HG00513=ALT|HG00514=REF	chr3	DEL	sequence_loss (coarse)	45
HG00512=REF|HG00513=REF|HG00514=REF	chr19	DEL	sequence_loss (coarse)	180
HG00512=ALT|HG00513=REF|HG00514=REF	chr7	DEL	sequence_loss (coarse)	38
HG00512=ALT|HG00513=ALT|HG00514=ALT	chrX	DUP	copy_gain (coarse)	1
HG00512=ALT|HG00513=ALT|HG00514=REF	chr13	INS	sequence_gain (coarse)	5
HG00512=REF|HG00513=ALT|HG00514=ALT	chr7	DUP	copy_gain (coarse)	3
HG00512=ALT|HG00513=ALT|HG00514=REF	chr4	INS	sequence_gain (coarse)	7
HG00512=ALT|HG00513=ALT|HG00514=ALT	chr8	INS	sequence_gain (coarse)	66
HG00512=ALT|HG00513=ALT|HG00514=ALT	chr10	INS	sequence_gain (coarse)	76
HG00512=NA|HG00513=REF|HG00514=ALT	chrX	DEL	sequence_loss (coarse)	1
HG00512=ALT|HG00513=ALT|HG00514=ALT	chrX	DEL	sequence_loss (coarse)	49
HG00512=REF|HG00513=ALT|HG00514=ALT	chr19	DEL	sequence_loss (coarse)	17
HG00512=ALT|HG00513=REF|HG00514=REF	chr11	INS	sequence_gain (coarse)	17
HG00512=REF|HG00513=ALT|HG00514=NA	chr5	DEL	sequence_loss (coarse)	1
HG00512=REF|HG00513=ALT|HG00514=REF	chr20	DEL	sequence_loss (coarse)	12
HG00512=ALT|HG00513=REF|HG00514=REF	chr16	DUP	copy_gain (coarse)	2
HG00512=REF|HG00513=REF|HG00514=REF	chr10	DUP	copy_gain (coarse)	5
HG00512=ALT|HG00513=ALT|HG00514=REF	chr5	INS	sequence_gain (coarse)	15
HG00512=ALT|HG00513=REF|HG00514=ALT	chr3	INS	sequence_gain (coarse)	37
HG00512=REF|HG00513=ALT|HG00514=REF	chr14	INS	sequence_gain (coarse)	9
HG00512=NA|HG00513=ALT|HG00514=ALT	chr7	DEL	sequence_loss (coarse)	1
HG00512=REF|HG00513=ALT|HG00514=ALT	chr11	INS	sequence_gain (coarse)	25
HG00512=ALT|HG00513=REF|HG00514=REF	chr21	INS	sequence_gain (coarse)	2
HG00512=REF|HG00513=REF|HG00514=REF	chr12	INS	sequence_gain (coarse)	91
HG00512=ALT|HG00513=ALT|HG00514=NA	chr19	DEL	sequence_loss (coarse)	1
HG00512=REF|HG00513=ALT|HG00514=REF	chr8	INS	sequence_gain (coarse)	17
HG00512=NA|HG00513=REF|HG00514=NA	chr6	DEL	sequence_loss (coarse)	1
HG00512=ALT|HG00513=ALT|HG00514=ALT	chr21	INS	sequence_gain (coarse)	13
HG00512=REF|HG00513=ALT|HG00514=REF	chrX	DEL	sequence_loss (coarse)	27
HG00512=ALT|HG00513=ALT|HG00514=ALT	chr2	DEL	sequence_loss (coarse)	110
HG00512=ALT|HG00513=REF|HG00514=REF	chr22	INS	sequence_gain (coarse)	5
HG00512=REF|HG00513=NA|HG00514=REF	chr3	DEL	sequence_loss (coarse)	1
HG00512=REF|HG00513=ALT|HG00514=NA	chr10	DEL	sequence_loss (coarse)	1
HG00512=ALT|HG00513=ALT|HG00514=REF	chr19	DEL	sequence_loss (coarse)	5
HG00512=REF|HG00513=REF|HG00514=REF	chr3	INS	sequence_gain (coarse)	151
HG00512=ALT|HG00513=NA|HG00514=ALT	chr1	DEL	sequence_loss (coarse)	1
HG00512=ALT|HG00513=ALT|HG00514=ALT	chr16	DEL	sequence_loss (coarse)	33
HG00512=REF|HG00513=NA|HG00514=REF	chr4	DEL	sequence_loss (coarse)	1
HG00512=ALT|HG00513=REF|HG00514=REF	chr17	DEL	sequence_loss (coarse)	19
HG00512=REF|HG00513=ALT|HG00514=ALT	chr22	INS	sequence_gain (coarse)	5
HG00512=REF|HG00513=ALT|HG00514=REF	chr1	DEL	sequence_loss (coarse)	55
HG00512=REF|HG00513=ALT|HG00514=ALT	chr5	DEL	sequence_loss (coarse)	56
HG00512=ALT|HG00513=REF|HG00514=ALT	chr14	DEL	sequence_loss (coarse)	33
HG00512=ALT|HG00513=REF|HG00514=ALT	chr9	DEL	sequence_loss (coarse)	37
HG00512=REF|HG00513=ALT|HG00514=REF	chr2	DEL	sequence_loss (coarse)	64
HG00512=REF|HG00513=ALT|HG00514=ALT	chr17	DEL	sequence_loss (coarse)	27
HG00512=REF|HG00513=REF|HG00514=REF	chr18	DEL	sequence_loss (coarse)	170
HG00512=ALT|HG00513=REF|HG00514=REF	chr6	DEL	sequence_loss (coarse)	47
HG00512=REF|HG00513=ALT|HG00514=ALT	chr8	DUP	copy_gain (coarse)	1
HG00512=ALT|HG00513=ALT|HG00514=REF	chr12	INS	sequence_gain (coarse)	7
HG00512=ALT|HG00513=ALT|HG00514=ALT	chr9	DUP	copy_gain (coarse)	1
HG00512=ALT|HG00513=ALT|HG00514=REF	chr3	INS	sequence_gain (coarse)	12
HG00512=ALT|HG00513=ALT|HG00514=ALT	chr7	INS	sequence_gain (coarse)	69
HG00512=REF|HG00513=ALT|HG00514=REF	chr1	DUP	copy_gain (coarse)	2
HG00512=REF|HG00513=ALT|HG00514=ALT	chr18	DEL	sequence_loss (coarse)	20
HG00512=ALT|HG00513=REF|HG00514=REF	chr10	INS	sequence_gain (coarse)	21
HG00512=REF|HG00513=REF|HG00514=REF	chr8	DUP	copy_gain (coarse)	4
HG00512=ALT|HG00513=REF|HG00514=ALT	chr2	INS	sequence_gain (coarse)	40
HG00512=REF|HG00513=REF|HG00514=REF	chr9	DEL	sequence_loss (coarse)	281
HG00512=ALT|HG00513=ALT|HG00514=REF	chr22	INS	sequence_gain (coarse)	5
HG00512=REF|HG00513=ALT|HG00514=REF	chr13	INS	sequence_gain (coarse)	16
HG00512=ALT|HG00513=REF|HG00514=ALT	chr19	INS	sequence_gain (coarse)	12
HG00512=REF|HG00513=ALT|HG00514=ALT	chr10	INS	sequence_gain (coarse)	21
HG00512=ALT|HG00513=REF|HG00514=REF	chr20	INS	sequence_gain (coarse)	6
HG00512=REF|HG00513=REF|HG00514=REF	chr11	INS	sequence_gain (coarse)	116
HG00512=REF|HG00513=ALT|HG00514=ALT	chr2	DUP	copy_gain (coarse)	1
HG00512=ALT|HG00513=ALT|HG00514=ALT	chr3	DUP	copy_gain (coarse)	2
HG00512=REF|HG00513=ALT|HG00514=REF	chr7	INS	sequence_gain (coarse)	17
HG00512=ALT|HG00513=ALT|HG00514=ALT	chr20	INS	sequence_gain (coarse)	27
HG00512=ALT|HG00513=REF|HG00514=ALT	chr12	DUP	copy_gain (coarse)	1
HG00512=ALT|HG00513=ALT|HG00514=ALT	chr1	DEL	sequence_loss (coarse)	116
HG00512=ALT|HG00513=ALT|HG00514=ALT	chr20	DUP	copy_gain (coarse)	1
HG00512=REF|HG00513=REF|HG00514=REF	chr2	DUP	copy_gain (coarse)	13
HG00512=ALT|HG00513=REF|HG00514=REF	chr3	DUP	copy_gain (coarse)	1
HG00512=ALT|HG00513=ALT|HG00514=REF	chr18	DEL	sequence_loss (coarse)	2
HG00512=REF|HG00513=REF|HG00514=REF	chr2	INS	sequence_gain (coarse)	196
HG00512=ALT|HG00513=ALT|HG00514=ALT	chr15	DEL	sequence_loss (coarse)	34
HG00512=ALT|HG00513=REF|HG00514=REF	chr16	DEL	sequence_loss (coarse)	15
HG00512=REF|HG00513=ALT|HG00514=ALT	chr21	INS	sequence_gain (coarse)	10
HG00512=REF|HG00513=ALT|HG00514=ALT	chr4	DEL	sequence_loss (coarse)	72
HG00512=REF|HG00513=REF|HG00514=REF	chr22	INS	sequence_gain (coarse)	32
HG00512=ALT|HG00513=REF|HG00514=ALT	chr13	DEL	sequence_loss (coarse)	37
HG00512=ALT|HG00513=REF|HG00514=ALT	chr8	DEL	sequence_loss (coarse)	43
HG00512=ALT|HG00513=REF|HG00514=NA	chr3	DEL	sequence_loss (coarse)	2
HG00512=ALT|HG00513=ALT|HG00514=REF	chr10	INS	sequence_gain (coarse)	8
HG00512=REF|HG00513=ALT|HG00514=REF	chr19	DEL	sequence_loss (coarse)	20
HG00512=REF|HG00513=ALT|HG00514=ALT	chr16	DEL	sequence_loss (coarse)	18
HG00512=REF|HG00513=REF|HG00514=REF	chr17	DUP	copy_gain (coarse)	4
HG00512=REF|HG00513=REF|HG00514=REF	chr17	DEL	sequence_loss (coarse)	198
HG00512=ALT|HG00513=REF|HG00514=ALT	chrX	INS	sequence_gain (coarse)	12
HG00512=REF|HG00513=ALT|HG00514=ALT	chr13	DUP	copy_gain (coarse)	1
HG00512=ALT|HG00513=REF|HG00514=REF	chr5	DEL	sequence_loss (coarse)	44
HG00512=ALT|HG00513=ALT|HG00514=REF	chr11	INS	sequence_gain (coarse)	7
HG00512=REF|HG00513=REF|HG00514=ALT	chr14	DEL	sequence_loss (coarse)	1
HG00512=REF|HG00513=ALT|HG00514=REF	chr12	DUP	copy_gain (coarse)	1
HG00512=ALT|HG00513=ALT|HG00514=REF	chr2	INS	sequence_gain (coarse)	16
HG00512=ALT|HG00513=ALT|HG00514=ALT	chr6	INS	sequence_gain (coarse)	97
HG00512=REF|HG00513=ALT|HG00514=REF	chr2	DUP	copy_gain (coarse)	2
HG00512=REF|HG00513=NA|HG00514=REF	chr21	DEL	sequence_loss (coarse)	1
HG00512=ALT|HG00513=REF|HG00514=ALT	chr1	INS	sequence_gain (coarse)	51
HG00512=REF|HG00513=REF|HG00514=REF	chr8	DEL	sequence_loss (coarse)	362
